DROP TABLE IF EXISTS "users";

CREATE TABLE IF NOT EXISTS "users" (
  id BIGSERIAL PRIMARY KEY,
  username VARCHAR(255) NOT NULL,
  password VARCHAR(255) NOT NULL,
  email VARCHAR(255) NOT NULL,
  enabled BOOLEAN DEFAULT TRUE
);

DROP TABLE IF EXISTS "cryptocurrency";

CREATE TABLE IF NOT EXISTS "cryptocurrency" (
  id BIGSERIAL PRIMARY KEY,
  name VARCHAR(255) NOT NULL,
  symbol VARCHAR(255) NOT NULL
);

DROP TABLE IF EXISTS "transaction";

CREATE TABLE IF NOT EXISTS "transaction" (
  id BIGSERIAL PRIMARY KEY,
  user_id INTEGER NOT NULL,
  crypto_currency_id INTEGER NOT NULL,
  amount NUMERIC(22,0) NOT NULL,
  operation_type VARCHAR(50) NOT NULL,
  transaction_date VARCHAR(255) NOT NULL,
  CONSTRAINT fk_user_id FOREIGN KEY(user_id) REFERENCES "users"(id),
  CONSTRAINT fk_cryptocurrency FOREIGN KEY(crypto_currency_id) REFERENCES cryptocurrency(id)
);

INSERT INTO "cryptocurrency" ("id", "name", "symbol") VALUES
(1,	'Bitcoin',	'BTC'),
(2,	'Ethereum',	'ETH'),
(3,	'Tether',	'USDT'),
(4,	'XRP',	'XRP'),
(5,	'Polkadot',	'DOT'),
(6,	'Cardano',	'ADA'),
(7,	'Chainlink',	'LINK'),
(8,	'Litecoin',	'LTC'),
(9,	'Binance Coin',	'BNB'),
(10,	'Bitcoin Cash',	'BCH'),
(11,	'Stellar',	'XLM'),
(12,	'Dogecoin',	'DOGE'),
(13,	'USD Coin',	'USDC'),
(14,	'Aave',	'AAVE'),
(15,	'Uniswap',	'UNI'),
(16,	'Wrapped Bitcoin',	'WBTC'),
(17,	'Bitcoin SV',	'BSV'),
(18,	'EOS',	'EOS'),
(19,	'Monero',	'XMR'),
(20,	'NEM',	'XEM'),
(21,	'TRON',	'TRX'),
(22,	'Synthetix',	'SNX'),
(23,	'Tezos',	'XTZ'),
(24,	'Maker',	'MKR'),
(25,	'Compound',	'COMP'),
(26,	'THETA',	'THETA'),
(27,	'SushiSwap',	'SUSHI'),
(28,	'Cosmos',	'ATOM'),
(29,	'UMA',	'UMA'),
(30,	'VeChain',	'VET'),
(31,	'Dai',	'DAI'),
(32,	'Solana',	'SOL'),
(33,	'Neo',	'NEO'),
(34,	'Huobi Token',	'HT'),
(35,	'Crypto.com Coin',	'CRO'),
(36,	'Binance USD',	'BUSD'),
(37,	'UNUS SED LEO',	'LEO'),
(38,	'Terra',	'LUNA'),
(39,	'Elrond',	'EGLD'),
(40,	'FTX Token',	'FTT'),
(41,	'IOTA',	'MIOTA'),
(42,	'Avalanche',	'AVAX'),
(43,	'Celsius',	'CEL'),
(44,	'Dash',	'DASH'),
(45,	'Filecoin',	'FIL'),
(46,	'The Graph',	'GRT'),
(47,	'Zcash',	'ZEC'),
(48,	'Kusama',	'KSM'),
(49,	'Revain',	'REV'),
(50,	'Decred',	'DCR'),
(51,	'yearn.finance',	'YFI'),
(52,	'Algorand',	'ALGO'),
(53,	'Ethereum Classic',	'ETC'),
(54,	'Ren',	'REN'),
(55,	'Zilliqa',	'ZIL'),
(56,	'SwissBorg',	'CHSB'),
(57,	'Waves',	'WAVES'),
(58,	'0x',	'ZRX'),
(59,	'Nexo',	'NEXO'),
(60,	'NEAR Protocol',	'NEAR'),
(61,	'Curve DAO Token',	'CRV'),
(62,	'Loopring',	'LRC'),
(63,	'OMG Network',	'OMG'),
(64,	'Hedera Hashgraph',	'HBAR'),
(65,	'THORChain',	'RUNE'),
(66,	'renBTC',	'RENBTC'),
(67,	'1inch',	'1INCH'),
(68,	'Voyager Token',	'VGX'),
(69,	'Celo',	'CELO'),
(70,	'Ontology',	'ONT'),
(71,	'HedgeTrade',	'HEDG'),
(72,	'Basic Attention Token',	'BAT'),
(73,	'HUSD',	'HUSD'),
(74,	'Nano',	'NANO'),
(75,	'ICON',	'ICX'),
(76,	'DigiByte',	'DGB'),
(77,	'Quant',	'QNT'),
(78,	'BitTorrent',	'BTT'),
(79,	'Alpha Finance Lab',	'ALPHA'),
(80,	'Siacoin',	'SC'),
(81,	'Horizen',	'ZEN'),
(82,	'Reserve Rights',	'RSR'),
(83,	'TrueUSD',	'TUSD'),
(84,	'OKB',	'OKB'),
(85,	'Ampleforth',	'AMPL'),
(86,	'Fantom',	'FTM'),
(87,	'Qtum',	'QTUM'),
(88,	'Stacks',	'STX'),
(89,	'Kyber Network',	'KNC'),
(90,	'Enjin Coin',	'ENJ'),
(91,	'Ocean Protocol',	'OCEAN'),
(92,	'PancakeSwap',	'CAKE'),
(93,	'FunFair',	'FUN'),
(94,	'Verge',	'XVG'),
(95,	'Bancor',	'BNT'),
(96,	'IOST',	'IOST'),
(97,	'Decentraland',	'MANA'),
(98,	'TerraUSD',	'UST'),
(99,	'Bitcoin BEP2',	'BTCB'),
(100,	'Paxos Standard',	'PAX');

INSERT INTO "users" ("username", "password", "email") VALUES
('freeman.mohr',	'0l6lyyy8x',	'Romana.Pagac@gmail.com'),
('tobias.shields',	's26i95xz49e4ko',	'Lasandra.Ward@gmail.com'),
('houston.luettgen',	'lkf9ttsxcy',	'Virgilio.Miller@gmail.com'),
('gladis.trantow',	'fcq9s1rmg',	'Colby.Wiza@gmail.com'),
('anita.flatley',	'3y23lwum',	'Clinton.Douglas@gmail.com'),
('belva.nitzsche',	'xrqgmnocosaqm',	'Reynalda.Simonis@gmail.com'),
('modesto.tromp',	'bw8n3cf9',	'Cristobal.Kub@gmail.com'),
('delcie.beatty',	'gb3uyxo4pmk9',	'Renato.Gerlach@gmail.com'),
('harris.heller',	'szzrv2defr',	'Hayden.Goyette@gmail.com'),
('victor.block',	'1ywk3oqq',	'Logan.Toy@gmail.com'),
('bobbi.grady',	'8yas0ov2scd',	'Laurence.Rosenbaum@gmail.com'),
('rosanna.leffler',	'9bvm81mkg',	'Ellsworth.Robel@gmail.com'),
('claud.cole',	'pnysduri10r5',	'Versie.Morar@gmail.com'),
('wilbert.spencer',	'1tcw01j6m',	'Curt.Leannon@gmail.com'),
('jody.daniel',	'avb30s61lwkg',	'Brice.Bergnaum@gmail.com'),
('marg.wiza',	'uas1ap2r4xl5',	'Clair.Welch@gmail.com'),
('kaylene.witting',	'bkgxa04sr7ed',	'Soon.Cole@gmail.com'),
('merlene.weimann',	'fd4e1lekm9xiw2',	'Colton.Rogahn@gmail.com'),
('russel.quitzon',	'logsrv9xpp',	'Daina.Kuhlman@gmail.com'),
('demetrius.greenfelder',	'eczqsqh4budxle',	'Michaela.Corkery@gmail.com'),
('denny.bayer',	'arhcaqjd7',	'Cheryll.Borer@gmail.com'),
('gearldine.robel',	'tds399v7n',	'Lanora.Runte@gmail.com'),
('richard.leannon',	'2cfiw7zt2v',	'Josiah.O''Connell@gmail.com'),
('dorsey.satterfield',	'mfxzhp3231q3z2c',	'Marceline.Nitzsche@gmail.com'),
('elisabeth.halvorson',	'tdpk0jxbz2st',	'Effie.Harber@gmail.com'),
('fallon.turner',	'55d5z8cv',	'Miles.Konopelski@gmail.com'),
('clemente.krajcik',	'ysie202bxm9owu0',	'Oren.Nikolaus@gmail.com'),
('jean.mraz',	'fjqmql4s',	'Romelia.Zieme@gmail.com'),
('hai.klein',	'uil3l3bng',	'Adeline.Halvorson@gmail.com'),
('yvone.kuhlman',	'odwkq329wmpq',	'Christeen.Kirlin@gmail.com'),
('alex.haag',	'hueh2j2yn5',	'Donnell.Zboncak@gmail.com'),
('krista.hessel',	'f3dcof99hbc',	'Garnet.Gottlieb@gmail.com'),
('alethia.schneider',	'2ugs3t0rc',	'Darcey.Becker@gmail.com'),
('ferdinand.bauch',	'puy7x7kz3t',	'Crista.Moen@gmail.com'),
('trey.abernathy',	'jpom4f25x19',	'Ben.Cremin@gmail.com'),
('rickey.kilback',	'8sdw7o4cor9obkl',	'Shena.Morissette@gmail.com'),
('carlee.rippin',	'mvw1o9sfmhont2',	'Candy.Weimann@gmail.com'),
('eddy.leffler',	'cchggeszk6w0',	'Wilhemina.Marquardt@gmail.com'),
('tanisha.jacobson',	'd9tllti8m5jqo',	'Malorie.Rippin@gmail.com'),
('efren.schaden',	'im958e1y',	'Isiah.Hoppe@gmail.com'),
('clint.bogan',	'ut7smk82nfhld',	'Artie.Fritsch@gmail.com'),
('kim.herzog',	'eaj84aw85ui',	'Katharina.Mraz@gmail.com'),
('virgilio.ondricka',	'v3jnx770rmaskv',	'Tinisha.Deckow@gmail.com'),
('debroah.rath',	'di5zibt6eeono',	'Star.Kohler@gmail.com'),
('meg.barrows',	'u5nd2gzmwzn',	'Donald.Ondricka@gmail.com'),
('bree.terry',	'ycpaiu620qg08',	'Jacques.Bogisich@gmail.com'),
('lesli.kertzmann',	'q5scoutvf04m3g9',	'Antione.Waters@gmail.com'),
('harris.waters',	'vrf4hclmw',	'Rosendo.Jacobi@gmail.com'),
('magan.witting',	'wraf00bxagtm662',	'Andree.Mayer@gmail.com'),
('edison.mraz',	'ox2vmyeufxj8',	'Ngan.Walker@gmail.com'),
('joaquin.denesik',	'jfa3hs3qy',	'Meridith.Gleason@gmail.com'),
('jacki.littel',	'rn3ryupxisuavg',	'Leoma.Keeling@gmail.com'),
('grayce.armstrong',	'ibqalza3psvs',	'Genaro.Doyle@gmail.com'),
('carter.hills',	'4sq3ox409oal',	'Sabrina.Kling@gmail.com'),
('reggie.hirthe',	'2j0bxs1hvzvg1wm',	'Holley.Boyle@gmail.com'),
('bernard.stroman',	'5328isd173g0c95',	'Val.Abbott@gmail.com'),
('monique.mertz',	'tg7953mtq',	'Herbert.Wintheiser@gmail.com'),
('corey.cummerata',	'iebttzxj',	'Julene.Boyle@gmail.com'),
('lorinda.windler',	'yahvq9aq',	'Bernard.Rau@gmail.com'),
('alejandra.hilll',	'zb79kczroxm51c',	'Lula.Boyle@gmail.com'),
('jamika.west',	'jekhea3p1ha',	'Jarred.Kunze@gmail.com'),
('isidro.mraz',	'k46r9kenclep77',	'Jimmy.Abbott@gmail.com'),
('britt.rempel',	'p6qw6138',	'Stacia.Wyman@gmail.com'),
('jocelyn.grimes',	'x176pkj83j',	'Sherrie.Lesch@gmail.com'),
('stanton.raynor',	'0bwai8ak2jbb',	'Jung.Walsh@gmail.com'),
('howard.hoeger',	'91lzg21178rrns',	'Dara.Schimmel@gmail.com'),
('tressa.willms',	'ynlpv87o4u',	'Blanch.Gislason@gmail.com'),
('jenice.jacobson',	'7n7obytvq',	'Georgeanna.Ondricka@gmail.com'),
('noe.yundt',	'c6cogh07ao02',	'Salina.Heathcote@gmail.com'),
('clark.becker',	'7kl454rqn',	'Gregg.Sporer@gmail.com'),
('bridgett.hegmann',	'i4ejb7jiv',	'Maribel.Lesch@gmail.com'),
('marica.block',	'y70l8isaj',	'Dominque.Ankunding@gmail.com'),
('jerrell.hudson',	'intfxyg0tqtklnm',	'Rigoberto.Lesch@gmail.com'),
('kiara.koss',	'ra5y4419k',	'Marlin.Abbott@gmail.com'),
('verdell.keeling',	'5w235265r8g6ps',	'Jeromy.Heller@gmail.com'),
('modesto.heller',	'5xywex1ctuota9',	'Lexie.Lakin@gmail.com'),
('gina.larkin',	'9qzvugg7k',	'Rena.Lubowitz@gmail.com'),
('avelina.damore',	'wnjgydgaazwb0n',	'Lucretia.Boehm@gmail.com'),
('karena.buckridge',	'qipe23tvcs',	'Willis.Abshire@gmail.com'),
('celina.hermiston',	'adma7spn',	'Kendall.Dooley@gmail.com'),
('shirlene.dare',	'xdysxj7x',	'Babette.Kilback@gmail.com'),
('juan.hoppe',	'ygj3sidx',	'Javier.Kuphal@gmail.com'),
('phillip.weimann',	'7rktwi7xc',	'Lea.Wisozk@gmail.com'),
('teri.dach',	'd68vaom3f0ni3',	'Aron.White@gmail.com'),
('marcelo.sawayn',	'3hrkcf6ubidwk5',	'Thaddeus.Farrell@gmail.com'),
('lottie.kautzer',	'm1blbmt9h6wuo6',	'Margarete.Kuphal@gmail.com'),
('tamara.boehm',	'dsnpnc5z',	'Asley.Kertzmann@gmail.com'),
('genaro.batz',	'nsdb1drpk',	'Andre.Champlin@gmail.com'),
('lauren.gerlach',	'fm2izq9cajqq',	'Lonnie.Bogan@gmail.com'),
('valentine.walter',	'wap7lv3ih3izqcl',	'Lakia.Graham@gmail.com'),
('gregory.harvey',	'magvzjbtlkuuw',	'Wiley.Beahan@gmail.com'),
('adalberto.pfannerstill',	'mqcl56y86k139',	'Roberta.Price@gmail.com'),
('ross.mohr',	'gmhisy9v7jj5',	'Jeanmarie.Grimes@gmail.com'),
('abby.mcclure',	'gvi8t20q7e',	'Annalee.McLaughlin@gmail.com'),
('jonna.oconner',	'8tao7j9h9i30ng',	'Alison.Sanford@gmail.com'),
('dannie.larson',	'rap6k0sbwjl',	'Sydney.Schumm@gmail.com'),
('muriel.russel',	'qkjkqhjl8',	'Cyril.Sawayn@gmail.com'),
('harlan.larson',	'mlt6jmns0',	'Winona.Brown@gmail.com'),
('analisa.franecki',	'0snjt0kjg0r5k',	'Latrina.Carter@gmail.com'),
('eric.dietrich',	'mkrwc894nn9ir2',	'Hershel.Adams@gmail.com');

INSERT INTO "transaction" ("id", "user_id", "cryptocurrency_id", "amount", "operation_type", "transaction_date") VALUES
(1,	1,	98,	145,	'deposit',	'2022-07-01T16:27:31.467407298Z'),
(2,	1,	98,	28,	'deposit',	'2022-06-29T16:27:31.714162506Z'),
(3,	1,	98,	290,	'deposit',	'2022-07-01T16:27:31.719092037Z'),
(4,	1,	92,	470,	'deposit',	'2022-06-27T16:27:31.723346393Z'),
(5,	1,	92,	144,	'deposit',	'2022-06-28T16:27:31.727602685Z'),
(6,	1,	92,	32,	'deposit',	'2022-06-30T16:27:31.732991007Z'),
(7,	2,	41,	447,	'deposit',	'2022-07-01T16:27:31.736892828Z'),
(8,	2,	41,	36,	'deposit',	'2022-07-01T16:27:31.740340658Z'),
(9,	2,	41,	107,	'deposit',	'2022-06-28T16:27:31.745048444Z'),
(10,	3,	75,	288,	'deposit',	'2022-06-29T16:27:31.749356151Z'),
(11,	3,	75,	27,	'deposit',	'2022-06-30T16:27:31.754012118Z'),
(12,	3,	75,	337,	'deposit',	'2022-06-30T16:27:31.757926037Z'),
(13,	3,	45,	184,	'deposit',	'2022-07-01T16:27:31.761815899Z'),
(14,	3,	45,	556,	'deposit',	'2022-07-01T16:27:31.765659299Z'),
(15,	3,	45,	194,	'deposit',	'2022-06-27T16:27:31.769908452Z'),
(16,	3,	89,	611,	'deposit',	'2022-06-30T16:27:31.773517849Z'),
(17,	3,	89,	80,	'deposit',	'2022-06-30T16:27:31.776916473Z'),
(18,	3,	89,	31,	'deposit',	'2022-07-01T16:27:31.781614166Z'),
(19,	4,	97,	216,	'deposit',	'2022-06-30T16:27:31.785522515Z'),
(20,	4,	97,	414,	'deposit',	'2022-07-01T16:27:31.788931297Z'),
(21,	4,	97,	337,	'deposit',	'2022-06-27T16:27:31.792452292Z'),
(22,	4,	50,	199,	'deposit',	'2022-07-01T16:27:31.798496094Z'),
(23,	4,	50,	253,	'deposit',	'2022-06-30T16:27:31.802201076Z'),
(24,	4,	50,	51,	'deposit',	'2022-06-28T16:27:31.805952931Z'),
(25,	4,	11,	94,	'deposit',	'2022-06-30T16:27:31.809627538Z'),
(26,	4,	11,	15,	'deposit',	'2022-06-30T16:27:31.813278207Z'),
(27,	4,	11,	36,	'deposit',	'2022-06-30T16:27:31.818003236Z'),
(28,	5,	81,	523,	'deposit',	'2022-06-30T16:27:31.821657049Z'),
(29,	5,	81,	145,	'deposit',	'2022-06-29T16:27:31.824784446Z'),
(30,	5,	81,	99,	'deposit',	'2022-06-30T16:27:31.827762114Z'),
(31,	5,	11,	408,	'deposit',	'2022-06-29T16:27:31.831155072Z'),
(32,	5,	11,	1,	'deposit',	'2022-06-27T16:27:31.835033440Z'),
(33,	5,	11,	0,	'deposit',	'2022-06-27T16:27:31.839201475Z'),
(34,	6,	28,	79,	'deposit',	'2022-06-27T16:27:31.842272039Z'),
(35,	6,	28,	311,	'deposit',	'2022-06-30T16:27:31.845190867Z'),
(36,	6,	28,	42,	'deposit',	'2022-07-01T16:27:31.849139819Z'),
(37,	7,	91,	553,	'deposit',	'2022-06-27T16:27:31.852026666Z'),
(38,	7,	91,	30,	'deposit',	'2022-06-29T16:27:31.854682759Z'),
(39,	7,	91,	93,	'deposit',	'2022-07-01T16:27:31.858306094Z'),
(40,	8,	59,	170,	'deposit',	'2022-06-27T16:27:31.861548184Z'),
(41,	8,	59,	15,	'deposit',	'2022-06-27T16:27:31.865055012Z'),
(42,	8,	59,	322,	'deposit',	'2022-06-28T16:27:31.868985822Z'),
(43,	9,	14,	153,	'deposit',	'2022-06-29T16:27:31.872008197Z'),
(44,	9,	14,	179,	'deposit',	'2022-06-28T16:27:31.875720621Z'),
(45,	9,	14,	7,	'deposit',	'2022-06-28T16:27:31.879414308Z'),
(46,	9,	77,	878,	'deposit',	'2022-06-30T16:27:31.882465512Z'),
(47,	9,	77,	29,	'deposit',	'2022-06-29T16:27:31.886071599Z'),
(48,	9,	77,	6,	'deposit',	'2022-07-01T16:27:31.890863465Z'),
(49,	10,	46,	38,	'deposit',	'2022-07-01T16:27:31.894298671Z'),
(50,	10,	46,	141,	'deposit',	'2022-06-28T16:27:31.897225163Z'),
(51,	10,	46,	264,	'deposit',	'2022-06-30T16:27:31.900126991Z'),
(52,	10,	95,	384,	'deposit',	'2022-06-30T16:27:31.903049151Z'),
(53,	10,	95,	60,	'deposit',	'2022-06-28T16:27:31.905953824Z'),
(54,	10,	95,	33,	'deposit',	'2022-06-29T16:27:31.909879667Z'),
(55,	11,	1,	20,	'deposit',	'2022-06-27T16:27:31.912809918Z'),
(56,	11,	1,	119,	'deposit',	'2022-06-30T16:27:31.915677192Z'),
(57,	11,	1,	104,	'deposit',	'2022-07-01T16:27:31.918682149Z'),
(58,	11,	30,	87,	'deposit',	'2022-06-28T16:27:31.922490148Z'),
(59,	11,	30,	10,	'deposit',	'2022-06-27T16:27:31.941123228Z'),
(60,	11,	30,	57,	'deposit',	'2022-06-29T16:27:31.946818652Z'),
(61,	11,	65,	396,	'deposit',	'2022-06-28T16:27:31.952572003Z'),
(62,	11,	65,	122,	'deposit',	'2022-06-27T16:27:31.957497703Z'),
(63,	11,	65,	25,	'deposit',	'2022-06-30T16:27:31.963586818Z'),
(64,	12,	18,	24,	'deposit',	'2022-06-28T16:27:31.969224249Z'),
(65,	12,	18,	8,	'deposit',	'2022-06-28T16:27:31.974949825Z'),
(66,	12,	18,	194,	'deposit',	'2022-06-27T16:27:31.981392619Z'),
(67,	12,	83,	420,	'deposit',	'2022-07-01T16:27:31.986479106Z'),
(68,	12,	83,	56,	'deposit',	'2022-06-29T16:27:31.991240846Z'),
(69,	12,	83,	362,	'deposit',	'2022-07-01T16:27:31.997879269Z'),
(70,	13,	67,	205,	'deposit',	'2022-06-30T16:27:32.002730356Z'),
(71,	13,	67,	1,	'deposit',	'2022-06-27T16:27:32.006854714Z'),
(72,	13,	67,	2,	'deposit',	'2022-06-30T16:27:32.010993652Z'),
(73,	13,	67,	359,	'deposit',	'2022-06-28T16:27:32.014701982Z'),
(74,	13,	67,	334,	'deposit',	'2022-06-30T16:27:32.018518863Z'),
(75,	13,	67,	101,	'deposit',	'2022-06-29T16:27:32.022476895Z'),
(76,	13,	72,	301,	'deposit',	'2022-06-27T16:27:32.026386698Z'),
(77,	13,	72,	148,	'deposit',	'2022-06-27T16:27:32.030698834Z'),
(78,	13,	72,	159,	'deposit',	'2022-06-27T16:27:32.035663726Z'),
(79,	14,	17,	257,	'deposit',	'2022-06-28T16:27:32.039092541Z'),
(80,	14,	17,	433,	'deposit',	'2022-06-28T16:27:32.041743937Z'),
(81,	14,	17,	176,	'deposit',	'2022-07-01T16:27:32.044745127Z'),
(82,	14,	97,	4,	'deposit',	'2022-06-28T16:27:32.047499342Z'),
(83,	14,	97,	33,	'deposit',	'2022-07-01T16:27:32.049941906Z'),
(84,	14,	97,	140,	'deposit',	'2022-07-01T16:27:32.052992983Z'),
(85,	14,	12,	82,	'deposit',	'2022-06-28T16:27:32.055474540Z'),
(86,	14,	12,	40,	'deposit',	'2022-06-28T16:27:32.058208357Z'),
(87,	14,	12,	52,	'deposit',	'2022-06-27T16:27:32.061699557Z'),
(88,	15,	8,	227,	'deposit',	'2022-06-27T16:27:32.064281524Z'),
(89,	15,	8,	379,	'deposit',	'2022-06-29T16:27:32.066598636Z'),
(90,	15,	8,	209,	'deposit',	'2022-06-30T16:27:32.069459715Z'),
(91,	15,	37,	440,	'deposit',	'2022-06-30T16:27:32.072163280Z'),
(92,	15,	37,	30,	'deposit',	'2022-06-30T16:27:32.074778881Z'),
(93,	15,	37,	25,	'deposit',	'2022-06-27T16:27:32.077362640Z'),
(94,	15,	56,	181,	'deposit',	'2022-07-01T16:27:32.080106181Z'),
(95,	15,	56,	270,	'deposit',	'2022-07-01T16:27:32.082567199Z'),
(96,	15,	56,	26,	'deposit',	'2022-07-01T16:27:32.085668624Z'),
(97,	16,	61,	572,	'deposit',	'2022-07-01T16:27:32.088344676Z'),
(98,	16,	61,	113,	'deposit',	'2022-06-28T16:27:32.090970502Z'),
(99,	16,	61,	110,	'deposit',	'2022-07-01T16:27:32.093521029Z'),
(100,	16,	51,	115,	'deposit',	'2022-07-01T16:27:32.095842972Z'),
(101,	16,	51,	101,	'deposit',	'2022-07-01T16:27:32.098132428Z'),
(102,	16,	51,	210,	'deposit',	'2022-06-29T16:27:32.101015413Z'),
(103,	17,	20,	3,	'deposit',	'2022-06-29T16:27:32.104343094Z'),
(104,	18,	4,	376,	'deposit',	'2022-07-01T16:27:32.106540429Z'),
(105,	18,	4,	6,	'deposit',	'2022-06-27T16:27:32.108991614Z'),
(106,	18,	4,	2,	'deposit',	'2022-06-29T16:27:32.111154058Z'),
(107,	18,	7,	2,	'deposit',	'2022-06-30T16:27:32.113462194Z'),
(108,	18,	7,	464,	'deposit',	'2022-06-30T16:27:32.116090564Z'),
(109,	18,	7,	228,	'deposit',	'2022-06-27T16:27:32.119219657Z'),
(110,	19,	75,	614,	'deposit',	'2022-06-30T16:27:32.121872490Z'),
(111,	19,	75,	16,	'deposit',	'2022-07-01T16:27:32.124395239Z'),
(112,	19,	75,	27,	'deposit',	'2022-06-30T16:27:32.127750925Z'),
(113,	20,	85,	5,	'deposit',	'2022-06-30T16:27:32.130794185Z'),
(114,	20,	85,	61,	'deposit',	'2022-06-28T16:27:32.134653544Z'),
(115,	20,	85,	267,	'deposit',	'2022-06-27T16:27:32.138327059Z'),
(116,	20,	29,	223,	'deposit',	'2022-06-27T16:27:32.142148144Z'),
(117,	20,	29,	336,	'deposit',	'2022-06-30T16:27:32.146390779Z'),
(118,	20,	29,	84,	'deposit',	'2022-06-28T16:27:32.151247652Z'),
(119,	21,	74,	131,	'deposit',	'2022-06-29T16:27:32.155566948Z'),
(120,	21,	74,	229,	'deposit',	'2022-06-30T16:27:32.159704656Z'),
(121,	21,	74,	83,	'deposit',	'2022-06-28T16:27:32.165144552Z'),
(122,	22,	32,	49,	'deposit',	'2022-07-01T16:27:32.168970123Z'),
(123,	22,	32,	123,	'deposit',	'2022-06-28T16:27:32.172227778Z'),
(124,	22,	32,	113,	'deposit',	'2022-06-28T16:27:32.179717798Z'),
(125,	23,	27,	1,	'deposit',	'2022-06-28T16:27:32.183287233Z'),
(126,	23,	27,	3,	'deposit',	'2022-06-29T16:27:32.186840638Z'),
(127,	23,	27,	0,	'deposit',	'2022-06-29T16:27:32.190362971Z'),
(128,	23,	35,	529,	'deposit',	'2022-06-29T16:27:32.194138825Z'),
(129,	23,	35,	37,	'deposit',	'2022-07-01T16:27:32.199516170Z'),
(130,	23,	35,	42,	'deposit',	'2022-06-28T16:27:32.203114537Z'),
(131,	23,	63,	331,	'deposit',	'2022-06-29T16:27:32.206627728Z'),
(132,	23,	63,	106,	'deposit',	'2022-06-27T16:27:32.210056281Z'),
(133,	23,	63,	123,	'deposit',	'2022-06-29T16:27:32.214460987Z'),
(134,	24,	58,	43,	'deposit',	'2022-06-27T16:27:32.217871628Z'),
(135,	24,	58,	5,	'deposit',	'2022-06-30T16:27:32.221366458Z'),
(136,	24,	58,	15,	'deposit',	'2022-06-27T16:27:32.226223658Z'),
(137,	25,	10,	145,	'deposit',	'2022-06-30T16:27:32.230070364Z'),
(138,	25,	10,	214,	'deposit',	'2022-07-01T16:27:32.233444507Z'),
(139,	25,	10,	131,	'deposit',	'2022-06-29T16:27:32.236700403Z'),
(140,	25,	90,	523,	'deposit',	'2022-06-27T16:27:32.239704440Z'),
(141,	25,	90,	42,	'deposit',	'2022-06-28T16:27:32.242477902Z'),
(142,	25,	90,	35,	'deposit',	'2022-06-30T16:27:32.245851358Z'),
(143,	25,	58,	215,	'deposit',	'2022-06-27T16:27:32.248397738Z'),
(144,	25,	58,	40,	'deposit',	'2022-07-01T16:27:32.250611289Z'),
(145,	25,	58,	170,	'deposit',	'2022-06-28T16:27:32.254355696Z'),
(146,	26,	39,	8,	'deposit',	'2022-06-27T16:27:32.256811841Z'),
(147,	26,	39,	27,	'deposit',	'2022-06-28T16:27:32.259333818Z'),
(148,	26,	39,	218,	'deposit',	'2022-06-29T16:27:32.262518630Z'),
(149,	27,	7,	489,	'deposit',	'2022-07-01T16:27:32.264945526Z'),
(150,	27,	7,	45,	'deposit',	'2022-07-01T16:27:32.267270873Z'),
(151,	27,	7,	2,	'deposit',	'2022-06-30T16:27:32.269744506Z'),
(152,	27,	91,	34,	'deposit',	'2022-06-29T16:27:32.272024055Z'),
(153,	27,	91,	64,	'deposit',	'2022-06-28T16:27:32.274381239Z'),
(154,	27,	91,	26,	'deposit',	'2022-06-30T16:27:32.276808088Z'),
(155,	27,	24,	140,	'deposit',	'2022-07-01T16:27:32.278995374Z'),
(156,	27,	24,	54,	'deposit',	'2022-07-01T16:27:32.281102676Z'),
(157,	27,	24,	8,	'deposit',	'2022-06-28T16:27:32.284165883Z'),
(158,	28,	68,	635,	'deposit',	'2022-06-28T16:27:32.286749528Z'),
(159,	28,	68,	16,	'deposit',	'2022-06-29T16:27:32.289281103Z'),
(160,	28,	68,	245,	'deposit',	'2022-06-27T16:27:32.291526613Z'),
(161,	28,	82,	307,	'deposit',	'2022-07-01T16:27:32.294024524Z'),
(162,	28,	82,	304,	'deposit',	'2022-06-30T16:27:32.296157603Z'),
(163,	28,	82,	136,	'deposit',	'2022-06-29T16:27:32.298548149Z'),
(164,	28,	75,	674,	'deposit',	'2022-07-01T16:27:32.300805545Z'),
(165,	28,	75,	185,	'deposit',	'2022-06-30T16:27:32.302750477Z'),
(166,	28,	75,	52,	'deposit',	'2022-07-01T16:27:32.305888046Z'),
(167,	29,	3,	251,	'deposit',	'2022-07-01T16:27:32.308271397Z'),
(168,	29,	3,	454,	'deposit',	'2022-07-01T16:27:32.310622002Z'),
(169,	29,	3,	196,	'deposit',	'2022-06-30T16:27:32.313861067Z'),
(170,	30,	14,	2,	'deposit',	'2022-06-27T16:27:32.316196612Z'),
(171,	30,	14,	3,	'deposit',	'2022-07-01T16:27:32.318637230Z'),
(172,	30,	14,	0,	'deposit',	'2022-06-28T16:27:32.320992133Z'),
(173,	30,	56,	164,	'deposit',	'2022-06-27T16:27:32.323489636Z'),
(174,	30,	56,	296,	'deposit',	'2022-06-28T16:27:32.326172727Z'),
(175,	30,	56,	277,	'deposit',	'2022-07-01T16:27:32.330320733Z'),
(176,	30,	41,	436,	'deposit',	'2022-06-27T16:27:32.333821255Z'),
(177,	30,	41,	94,	'deposit',	'2022-06-27T16:27:32.337842487Z'),
(178,	30,	41,	351,	'deposit',	'2022-06-29T16:27:32.342497460Z'),
(179,	31,	8,	63,	'deposit',	'2022-06-28T16:27:32.346706332Z'),
(180,	31,	8,	1,	'deposit',	'2022-06-29T16:27:32.350548601Z'),
(181,	31,	8,	1,	'deposit',	'2022-06-29T16:27:32.355533186Z'),
(182,	32,	71,	265,	'deposit',	'2022-06-27T16:27:32.359091682Z'),
(183,	32,	71,	18,	'deposit',	'2022-07-01T16:27:32.362364483Z'),
(184,	32,	71,	24,	'deposit',	'2022-07-01T16:27:32.365645849Z'),
(185,	32,	22,	496,	'deposit',	'2022-06-30T16:27:32.369273547Z'),
(186,	32,	22,	2,	'deposit',	'2022-07-01T16:27:32.372616404Z'),
(187,	32,	18,	237,	'deposit',	'2022-06-30T16:27:32.376223529Z'),
(188,	32,	18,	221,	'deposit',	'2022-06-27T16:27:32.379979841Z'),
(189,	32,	18,	412,	'deposit',	'2022-06-28T16:27:32.384564713Z'),
(190,	33,	4,	1,	'deposit',	'2022-06-28T16:27:32.388550164Z'),
(191,	33,	4,	30,	'deposit',	'2022-06-29T16:27:32.392436972Z'),
(192,	33,	4,	14,	'deposit',	'2022-06-27T16:27:32.396402322Z'),
(193,	33,	59,	31,	'deposit',	'2022-07-01T16:27:32.400284142Z'),
(194,	33,	59,	1,	'deposit',	'2022-06-27T16:27:32.403842338Z'),
(195,	33,	59,	7,	'deposit',	'2022-06-27T16:27:32.408272883Z'),
(196,	34,	47,	231,	'deposit',	'2022-06-29T16:27:32.412023666Z'),
(197,	34,	47,	107,	'deposit',	'2022-06-30T16:27:32.415111473Z'),
(198,	34,	47,	16,	'deposit',	'2022-06-27T16:27:32.419445451Z'),
(199,	35,	75,	229,	'deposit',	'2022-07-01T16:27:32.422995749Z'),
(200,	35,	75,	1,	'deposit',	'2022-06-28T16:27:32.425993409Z'),
(201,	35,	75,	1,	'deposit',	'2022-07-01T16:27:32.428541150Z'),
(202,	35,	26,	167,	'deposit',	'2022-06-30T16:27:32.431165014Z'),
(203,	35,	26,	80,	'deposit',	'2022-07-01T16:27:32.433780185Z'),
(204,	35,	26,	164,	'deposit',	'2022-06-29T16:27:32.437233739Z'),
(205,	36,	97,	346,	'deposit',	'2022-06-28T16:27:32.439475713Z'),
(206,	36,	97,	103,	'deposit',	'2022-06-29T16:27:32.441365988Z'),
(207,	36,	97,	138,	'deposit',	'2022-06-29T16:27:32.443163630Z'),
(208,	36,	79,	765,	'deposit',	'2022-06-30T16:27:32.446405950Z'),
(209,	36,	79,	43,	'deposit',	'2022-06-29T16:27:32.448938529Z'),
(210,	36,	79,	15,	'deposit',	'2022-06-27T16:27:32.451371744Z'),
(211,	36,	32,	69,	'deposit',	'2022-06-27T16:27:32.453978228Z'),
(212,	36,	32,	92,	'deposit',	'2022-06-27T16:27:32.456427090Z'),
(213,	36,	32,	467,	'deposit',	'2022-06-29T16:27:32.459870338Z'),
(214,	37,	39,	868,	'deposit',	'2022-06-28T16:27:32.462685609Z'),
(215,	37,	39,	14,	'deposit',	'2022-06-29T16:27:32.465622937Z'),
(216,	37,	39,	12,	'deposit',	'2022-06-30T16:27:32.467953061Z'),
(217,	37,	6,	104,	'deposit',	'2022-06-29T16:27:32.470343108Z'),
(218,	37,	6,	344,	'deposit',	'2022-07-01T16:27:32.472757254Z'),
(219,	37,	6,	86,	'deposit',	'2022-06-27T16:27:32.475485671Z'),
(220,	37,	26,	54,	'deposit',	'2022-06-27T16:27:32.478069482Z'),
(221,	37,	26,	63,	'deposit',	'2022-06-28T16:27:32.480443400Z'),
(222,	37,	26,	27,	'deposit',	'2022-06-30T16:27:32.484377121Z'),
(223,	38,	30,	146,	'deposit',	'2022-06-29T16:27:32.487235574Z'),
(224,	38,	30,	333,	'deposit',	'2022-06-30T16:27:32.489876276Z'),
(225,	38,	30,	171,	'deposit',	'2022-07-01T16:27:32.492289269Z'),
(226,	38,	69,	42,	'deposit',	'2022-06-30T16:27:32.495180551Z'),
(227,	38,	69,	83,	'deposit',	'2022-06-27T16:27:32.498372103Z'),
(228,	38,	69,	60,	'deposit',	'2022-06-28T16:27:32.501522803Z'),
(229,	38,	45,	17,	'deposit',	'2022-06-29T16:27:32.504418951Z'),
(230,	38,	45,	666,	'deposit',	'2022-06-27T16:27:32.506897512Z'),
(231,	38,	45,	75,	'deposit',	'2022-06-29T16:27:32.510720508Z'),
(232,	39,	71,	368,	'deposit',	'2022-06-29T16:27:32.514000318Z'),
(233,	39,	71,	329,	'deposit',	'2022-07-01T16:27:32.516886771Z'),
(234,	39,	71,	214,	'deposit',	'2022-06-29T16:27:32.521014546Z'),
(235,	40,	92,	29,	'deposit',	'2022-06-27T16:27:32.524126410Z'),
(236,	40,	92,	121,	'deposit',	'2022-07-01T16:27:32.527232227Z'),
(237,	40,	92,	3,	'deposit',	'2022-06-30T16:27:32.530293418Z'),
(238,	40,	16,	73,	'deposit',	'2022-06-27T16:27:32.532580653Z'),
(239,	40,	16,	131,	'deposit',	'2022-06-30T16:27:32.534965555Z'),
(240,	40,	16,	45,	'deposit',	'2022-06-30T16:27:32.538022569Z'),
(241,	40,	36,	174,	'deposit',	'2022-06-30T16:27:32.540851114Z'),
(242,	40,	36,	117,	'deposit',	'2022-06-27T16:27:32.544253288Z'),
(243,	40,	36,	345,	'deposit',	'2022-06-30T16:27:32.548902571Z'),
(244,	41,	75,	32,	'deposit',	'2022-07-01T16:27:32.551800660Z'),
(245,	41,	75,	63,	'deposit',	'2022-06-29T16:27:32.554744121Z'),
(246,	41,	75,	44,	'deposit',	'2022-07-01T16:27:32.557663584Z'),
(247,	41,	56,	13,	'deposit',	'2022-06-30T16:27:32.560973221Z'),
(248,	41,	56,	29,	'deposit',	'2022-07-01T16:27:32.564554069Z'),
(249,	41,	56,	38,	'deposit',	'2022-06-27T16:27:32.567642720Z'),
(250,	41,	12,	235,	'deposit',	'2022-06-28T16:27:32.570862221Z'),
(251,	41,	12,	47,	'deposit',	'2022-07-01T16:27:32.573990682Z'),
(252,	41,	12,	89,	'deposit',	'2022-06-27T16:27:32.577912100Z'),
(253,	42,	42,	237,	'deposit',	'2022-07-01T16:27:32.580928502Z'),
(254,	42,	42,	33,	'deposit',	'2022-07-01T16:27:32.584463398Z'),
(255,	42,	42,	120,	'deposit',	'2022-07-01T16:27:32.587316661Z'),
(256,	42,	23,	193,	'deposit',	'2022-06-27T16:27:32.590180746Z'),
(257,	42,	23,	76,	'deposit',	'2022-06-28T16:27:32.593208815Z'),
(258,	42,	23,	35,	'deposit',	'2022-07-01T16:27:32.597692191Z'),
(259,	43,	65,	48,	'deposit',	'2022-06-28T16:27:32.600287034Z'),
(260,	43,	65,	220,	'deposit',	'2022-06-27T16:27:32.603294575Z'),
(261,	43,	65,	494,	'deposit',	'2022-07-01T16:27:32.606727984Z'),
(262,	44,	74,	290,	'deposit',	'2022-07-01T16:27:32.610141477Z'),
(263,	44,	74,	1,	'deposit',	'2022-06-30T16:27:32.612795529Z'),
(264,	44,	74,	30,	'deposit',	'2022-06-27T16:27:32.616108422Z'),
(265,	44,	7,	515,	'deposit',	'2022-06-27T16:27:32.619005307Z'),
(266,	44,	7,	18,	'deposit',	'2022-07-01T16:27:32.621666143Z'),
(267,	44,	7,	27,	'deposit',	'2022-06-27T16:27:32.625674804Z'),
(268,	45,	16,	85,	'deposit',	'2022-06-27T16:27:32.629167977Z'),
(269,	45,	16,	44,	'deposit',	'2022-06-28T16:27:32.632132761Z'),
(270,	45,	16,	82,	'deposit',	'2022-07-01T16:27:32.636537333Z'),
(271,	46,	22,	82,	'deposit',	'2022-07-01T16:27:32.639437245Z'),
(272,	46,	22,	31,	'deposit',	'2022-06-30T16:27:32.642460607Z'),
(273,	46,	22,	58,	'deposit',	'2022-06-28T16:27:32.645789568Z'),
(274,	46,	26,	24,	'deposit',	'2022-07-01T16:27:32.648864296Z'),
(275,	46,	26,	26,	'deposit',	'2022-07-01T16:27:32.651251927Z'),
(276,	46,	26,	6,	'deposit',	'2022-06-27T16:27:32.653911959Z'),
(277,	46,	79,	380,	'deposit',	'2022-07-01T16:27:32.656352047Z'),
(278,	46,	79,	5,	'deposit',	'2022-07-01T16:27:32.658674730Z'),
(279,	46,	79,	14,	'deposit',	'2022-06-30T16:27:32.662368542Z'),
(280,	47,	20,	530,	'deposit',	'2022-06-30T16:27:32.665326745Z'),
(281,	47,	20,	217,	'deposit',	'2022-06-30T16:27:32.668254969Z'),
(282,	47,	20,	76,	'deposit',	'2022-06-27T16:27:32.672077052Z'),
(283,	48,	75,	87,	'deposit',	'2022-07-01T16:27:32.675130835Z'),
(284,	48,	75,	179,	'deposit',	'2022-06-29T16:27:32.677909807Z'),
(285,	48,	75,	33,	'deposit',	'2022-07-01T16:27:32.680252082Z'),
(286,	48,	13,	192,	'deposit',	'2022-06-28T16:27:32.682525990Z'),
(287,	48,	13,	152,	'deposit',	'2022-06-29T16:27:32.684763746Z'),
(288,	48,	13,	398,	'deposit',	'2022-06-30T16:27:32.686659422Z'),
(289,	48,	86,	2,	'deposit',	'2022-06-29T16:27:32.689021726Z'),
(290,	48,	86,	486,	'deposit',	'2022-06-30T16:27:32.691063634Z'),
(291,	48,	86,	51,	'deposit',	'2022-06-30T16:27:32.694302724Z'),
(292,	49,	61,	730,	'deposit',	'2022-07-01T16:27:32.696934183Z'),
(293,	49,	61,	54,	'deposit',	'2022-07-01T16:27:32.699603185Z'),
(294,	49,	61,	16,	'deposit',	'2022-06-30T16:27:32.702120076Z'),
(295,	49,	58,	381,	'deposit',	'2022-06-29T16:27:32.704946345Z'),
(296,	49,	58,	54,	'deposit',	'2022-06-28T16:27:32.707587190Z'),
(297,	49,	58,	23,	'deposit',	'2022-06-29T16:27:32.710070472Z'),
(298,	49,	84,	9,	'deposit',	'2022-07-01T16:27:32.712387989Z'),
(299,	49,	84,	19,	'deposit',	'2022-06-30T16:27:32.714848833Z'),
(300,	49,	84,	9,	'deposit',	'2022-06-30T16:27:32.718476004Z'),
(301,	50,	16,	57,	'deposit',	'2022-06-29T16:27:32.721147909Z'),
(302,	50,	16,	725,	'deposit',	'2022-06-30T16:27:32.723578768Z'),
(303,	50,	16,	135,	'deposit',	'2022-06-28T16:27:32.727259296Z');